ID,name,createdAt,createdBy,modifiedAt,modifiedBy
27841810,name-27841810,2014-12-04T21:00:00.000Z,createdBy.gkqvm@example.com,2010-03-10T21:00:00.000Z,modifiedBy.gkqvm@example.org
28338895,name-28338895,2010-04-27T21:00:00.000Z,createdBy.gvefj@example.com,2023-08-02T21:00:00.000Z,modifiedBy.gvefj@example.com
28338896,name-28338896,2015-10-14T21:00:00.000Z,createdBy.gvefk@example.com,2006-12-07T21:00:00.000Z,modifiedBy.gvefk@example.net
28338897,name-28338897,2019-01-16T21:00:00.000Z,createdBy.gvefl@example.net,2011-06-12T21:00:00.000Z,modifiedBy.gvefl@example.net
28338898,name-28338898,2019-01-06T21:00:00.000Z,createdBy.gvefm@example.net,2018-02-09T21:00:00.000Z,modifiedBy.gvefm@example.net
28338899,name-28338899,2002-06-12T21:00:00.000Z,createdBy.gvefn@example.com,2005-08-05T21:00:00.000Z,modifiedBy.gvefn@example.net
28338900,name-28338900,2009-01-04T21:00:00.000Z,createdBy.gvefo@example.com,2004-03-02T21:00:00.000Z,modifiedBy.gvefo@example.com
28338901,name-28338901,2021-02-25T21:00:00.000Z,createdBy.gvefp@example.com,2019-05-31T21:00:00.000Z,modifiedBy.gvefp@example.org
28338902,name-28338902,2006-12-13T21:00:00.000Z,createdBy.gvefq@example.com,2019-09-22T21:00:00.000Z,modifiedBy.gvefq@example.net
28338903,name-28338903,2015-11-12T21:00:00.000Z,createdBy.gvefr@example.com,2001-11-13T21:00:00.000Z,modifiedBy.gvefr@example.org